algorithm,criterion,fold,MCC_mean,Accuracy_mean,F1_macro_mean,F1_micro_mean,BalancedAccuracy_mean,diag_min_depth_mean,diag_avg_depth_mean,diag_max_depth_mean,diag_avg_weighted_depth_mean,diag_decision_nodes_mean,diag_leaf_nodes_mean,diag_unique_vars_mean,algo_crit
C5.0,(none),1,0.3882605412868849,0.5893089430894309,0.4847140162554815,0.5893089430894309,0.3457972844596535,3.94,14.284185476163756,26.93,13.978479346345894,656.38,657.38,11,C5.0 / (none)
C5.0,(none),2,0.3911417179368345,0.5910569105691057,0.4855092571629799,0.5910569105691057,0.34479430572561115,4,14.227042700194275,26.89,13.89760099863822,657.54,658.54,11,C5.0 / (none)
C5.0,(none),3,0.38265296890120454,0.5853658536585366,0.4811176623991356,0.5853658536585366,0.34091976778258004,4,14.231627037714219,26.88,13.926606899682254,653.86,654.86,11,C5.0 / (none)
C5.0,(none),4,0.3933808457507559,0.5924032586558045,0.4865670126403045,0.5924032586558045,0.34558780812034234,3.99,14.162514547557993,26.57,13.849255729521222,650.84,651.84,11,C5.0 / (none)
C5.0,(none),5,0.38966487200539696,0.5905295315682281,0.48063566957950943,0.5905295315682281,0.34345648510545773,4.07,14.281930694849047,27.03,13.96890174722033,660.07,661.07,11,C5.0 / (none)
C5.0,(none),6,NA,NA,NA,NA,NA,NA,NA,NA,NA,NA,NA,NA,C5.0 / (none)
C5.0,(none),7,NA,NA,NA,NA,NA,NA,NA,NA,NA,NA,NA,NA,C5.0 / (none)
C5.0,(none),8,NA,NA,NA,NA,NA,NA,NA,NA,NA,NA,NA,NA,C5.0 / (none)
C5.0,(none),9,NA,NA,NA,NA,NA,NA,NA,NA,NA,NA,NA,NA,C5.0 / (none)
C5.0,(none),10,NA,NA,NA,NA,NA,NA,NA,NA,NA,NA,NA,NA,C5.0 / (none)
CoreLearn,Accuracy,1,0.2606388168668271,0.5353861788617886,0.41429350578212915,0.5353861788617886,0.22201642504241215,2.87,6.460784495669254,10.47,7.252494325919201,40.32,41.32,10.8,CoreLearn / Accuracy
CoreLearn,Accuracy,2,0.2557428153272431,0.5329674796747967,0.4210148634189544,0.5329674796747967,0.22008961986621134,2.89,6.466202376502361,10.61,7.3861733999092145,40.14,41.14,10.84,CoreLearn / Accuracy
CoreLearn,Accuracy,3,0.24880936603103235,0.5289024390243903,0.41748326551523895,0.5289024390243903,0.21797707970693467,2.92,6.288839803641887,10,6.982494325919201,38.11,39.11,10.73,CoreLearn / Accuracy
CoreLearn,Accuracy,4,0.2616515108308307,0.5367820773930754,0.42103220021563104,0.5367820773930754,0.22313855778924271,2.91,6.281408744497815,9.87,7.1119310188336735,39.03,40.03,10.87,CoreLearn / Accuracy
CoreLearn,Accuracy,5,0.25834893342812987,0.5353360488798371,0.4140922684910951,0.5353360488798371,0.22103575134910752,2.85,6.369530932164942,10.15,7.167122759246653,39.11,40.11,10.8,CoreLearn / Accuracy
CoreLearn,Accuracy,6,NA,NA,NA,NA,NA,NA,NA,NA,NA,NA,NA,NA,CoreLearn / Accuracy
CoreLearn,Accuracy,7,NA,NA,NA,NA,NA,NA,NA,NA,NA,NA,NA,NA,CoreLearn / Accuracy
CoreLearn,Accuracy,8,NA,NA,NA,NA,NA,NA,NA,NA,NA,NA,NA,NA,CoreLearn / Accuracy
CoreLearn,Accuracy,9,NA,NA,NA,NA,NA,NA,NA,NA,NA,NA,NA,NA,CoreLearn / Accuracy
CoreLearn,Accuracy,10,NA,NA,NA,NA,NA,NA,NA,NA,NA,NA,NA,NA,CoreLearn / Accuracy
CoreLearn,GainRatio,1,0.0038375786942900134,0.44729674796747965,0.6175584886276541,0.44729674796747965,0.14785714285714285,0.07,0.0766666666666667,0.08,0.0799863822060826,0.08,1.08,0.08,CoreLearn / GainRatio
CoreLearn,GainRatio,2,0.004319137982157185,0.44729674796747965,0.6180889338941405,0.44729674796747965,0.14785714285714285,0.09,0.09,0.09,0.09,0.09,1.09,0.09,CoreLearn / GainRatio
CoreLearn,GainRatio,3,0.0036132774608751738,0.44727642276422763,0.6186614505458488,0.44727642276422763,0.14714285714285713,0.08,0.09333333333333341,0.1,0.0999704947798457,0.1,1.1,0.1,CoreLearn / GainRatio
CoreLearn,GainRatio,4,0.002445978282949725,0.44814663951120165,0.6190090204587301,0.44814663951120165,0.1457142857142857,0.05,0.05,0.05,0.05,0.05,1.05,0.05,CoreLearn / GainRatio
CoreLearn,GainRatio,5,0.004844099672914326,0.44824847250509164,0.6163973841004797,0.44824847250509164,0.14928571428571427,0.09,0.0966666666666667,0.1,0.0999841161788064,0.1,1.1,0.1,CoreLearn / GainRatio
CoreLearn,GainRatio,6,NA,NA,NA,NA,NA,NA,NA,NA,NA,NA,NA,NA,CoreLearn / GainRatio
CoreLearn,GainRatio,7,NA,NA,NA,NA,NA,NA,NA,NA,NA,NA,NA,NA,CoreLearn / GainRatio
CoreLearn,GainRatio,8,NA,NA,NA,NA,NA,NA,NA,NA,NA,NA,NA,NA,CoreLearn / GainRatio
CoreLearn,GainRatio,9,NA,NA,NA,NA,NA,NA,NA,NA,NA,NA,NA,NA,CoreLearn / GainRatio
CoreLearn,GainRatio,10,NA,NA,NA,NA,NA,NA,NA,NA,NA,NA,NA,NA,CoreLearn / GainRatio
CoreLearn,Gini,1,0.32484162735936134,0.5577032520325204,0.4213796932102171,0.5577032520325204,0.279373221393165,3.85,10.02528109721085,17.8,9.223422605537902,211.65,212.65,11,CoreLearn / Gini
CoreLearn,Gini,2,0.31711103010111885,0.5526829268292683,0.4187268162355607,0.5526829268292683,0.27427966117954033,3.78,10.074930539897636,18.15,9.260406264185201,211.61,212.61,11,CoreLearn / Gini
CoreLearn,Gini,3,0.31508052453838525,0.551260162601626,0.4201475617069313,0.551260162601626,0.2738784157913892,3.73,10.056514326044153,17.64,9.297226509305492,211.25,212.25,11,CoreLearn / Gini
CoreLearn,Gini,4,0.32738475404818757,0.5592871690427699,0.42334726354380403,0.5592871690427699,0.2786256374903635,3.73,10.075776328565327,17.46,9.35948717948718,214.64,215.64,11,CoreLearn / Gini
CoreLearn,Gini,5,0.318948022465312,0.5542769857433808,0.4229003541882729,0.5542769857433808,0.27674465298780365,3.73,10.085755644922207,17.64,9.328960744270477,214.82,215.82,11,CoreLearn / Gini
CoreLearn,Gini,6,NA,NA,NA,NA,NA,NA,NA,NA,NA,NA,NA,NA,CoreLearn / Gini
CoreLearn,Gini,7,NA,NA,NA,NA,NA,NA,NA,NA,NA,NA,NA,NA,CoreLearn / Gini
CoreLearn,Gini,8,NA,NA,NA,NA,NA,NA,NA,NA,NA,NA,NA,NA,CoreLearn / Gini
CoreLearn,Gini,9,NA,NA,NA,NA,NA,NA,NA,NA,NA,NA,NA,NA,CoreLearn / Gini
CoreLearn,Gini,10,NA,NA,NA,NA,NA,NA,NA,NA,NA,NA,NA,NA,CoreLearn / Gini
CoreLearn,ImpurityEuclid,1,3.6107027817998584e-4,0.44715447154471544,0.6120154728395485,0.44715447154471544,0.14287662337662338,0.02,0.02,0.02,0.02,0.02,1.02,0.02,CoreLearn / ImpurityEuclid
CoreLearn,ImpurityEuclid,2,5.836621338717418e-4,0.44717479674796745,0.61212733682715,0.44717479674796745,0.14289285714285713,0.02,0.02,0.02,0.02,0.02,1.02,0.02,CoreLearn / ImpurityEuclid
CoreLearn,ImpurityEuclid,3,4.031269947817489e-4,0.44717479674796745,0.6151083644523196,0.44717479674796745,0.14288311688311686,0.01,0.01,0.01,0.01,0.01,1.01,0.01,CoreLearn / ImpurityEuclid
CoreLearn,ImpurityEuclid,4,0,0.4480651731160896,0.6188466947960619,0.4480651731160896,0.14285714285714285,0,0,0,0,0,1,0,CoreLearn / ImpurityEuclid
CoreLearn,ImpurityEuclid,5,-1.271158413095537e-4,0.4480448065173116,0.6188359429397797,0.4480448065173116,0.14285064935064934,0.01,0.01,0.01,0.01,0.01,1.01,0.01,CoreLearn / ImpurityEuclid
CoreLearn,ImpurityEuclid,6,NA,NA,NA,NA,NA,NA,NA,NA,NA,NA,NA,NA,CoreLearn / ImpurityEuclid
CoreLearn,ImpurityEuclid,7,NA,NA,NA,NA,NA,NA,NA,NA,NA,NA,NA,NA,CoreLearn / ImpurityEuclid
CoreLearn,ImpurityEuclid,8,NA,NA,NA,NA,NA,NA,NA,NA,NA,NA,NA,NA,CoreLearn / ImpurityEuclid
CoreLearn,ImpurityEuclid,9,NA,NA,NA,NA,NA,NA,NA,NA,NA,NA,NA,NA,CoreLearn / ImpurityEuclid
CoreLearn,ImpurityEuclid,10,NA,NA,NA,NA,NA,NA,NA,NA,NA,NA,NA,NA,CoreLearn / ImpurityEuclid
CoreLearn,ImpurityHellinger,1,3.6107027817998584e-4,0.44715447154471544,0.6120154728395485,0.44715447154471544,0.14287662337662338,0.02,0.02,0.02,0.02,0.02,1.02,0.02,CoreLearn / ImpurityHellinger
CoreLearn,ImpurityHellinger,2,5.836621338717418e-4,0.44717479674796745,0.61212733682715,0.44717479674796745,0.14289285714285713,0.02,0.02,0.02,0.02,0.02,1.02,0.02,CoreLearn / ImpurityHellinger
CoreLearn,ImpurityHellinger,3,4.031269947817489e-4,0.44717479674796745,0.6151083644523196,0.44717479674796745,0.14288311688311686,0.01,0.01,0.01,0.01,0.01,1.01,0.01,CoreLearn / ImpurityHellinger
CoreLearn,ImpurityHellinger,4,0,0.4480651731160896,0.6188466947960619,0.4480651731160896,0.14285714285714285,0,0,0,0,0,1,0,CoreLearn / ImpurityHellinger
CoreLearn,ImpurityHellinger,5,0,0.4480651731160896,0.6188466947960619,0.4480651731160896,0.14285714285714285,0,0,0,0,0,1,0,CoreLearn / ImpurityHellinger
CoreLearn,ImpurityHellinger,6,NA,NA,NA,NA,NA,NA,NA,NA,NA,NA,NA,NA,CoreLearn / ImpurityHellinger
CoreLearn,ImpurityHellinger,7,NA,NA,NA,NA,NA,NA,NA,NA,NA,NA,NA,NA,CoreLearn / ImpurityHellinger
CoreLearn,ImpurityHellinger,8,NA,NA,NA,NA,NA,NA,NA,NA,NA,NA,NA,NA,CoreLearn / ImpurityHellinger
CoreLearn,ImpurityHellinger,9,NA,NA,NA,NA,NA,NA,NA,NA,NA,NA,NA,NA,CoreLearn / ImpurityHellinger
CoreLearn,ImpurityHellinger,10,NA,NA,NA,NA,NA,NA,NA,NA,NA,NA,NA,NA,CoreLearn / ImpurityHellinger
CoreLearn,InfGain,1,0.33592250417689534,0.5620325203252032,0.4309635720254355,0.5620325203252032,0.2934677065928073,3.54,10.375414650258422,18.1,9.843883340898774,274.45,275.45,11,CoreLearn / InfGain
CoreLearn,InfGain,2,0.3225094118745677,0.5542073170731707,0.42378365141891083,0.5542073170731707,0.2820369340347181,3.62,10.345802062690963,18.17,9.737712210621877,271.07,272.07,11,CoreLearn / InfGain
CoreLearn,InfGain,3,0.31547990332330056,0.5503658536585366,0.4230792772339147,0.5503658536585366,0.2821143726897152,3.51,10.335869695200675,18.38,9.684664094416704,265.45,266.45,11,CoreLearn / InfGain
CoreLearn,InfGain,4,0.32654745211540165,0.5573727087576374,0.4295135666781752,0.5573727087576374,0.2851302679436241,3.61,10.313953840909326,18.22,9.726811890174723,269.64,270.64,11,CoreLearn / InfGain
CoreLearn,InfGain,5,0.323826735885162,0.5553971486761711,0.42492112933221604,0.5553971486761711,0.2865736177825219,3.64,10.331256056510457,18.12,9.739686861810757,272.23,273.23,11,CoreLearn / InfGain
CoreLearn,InfGain,6,NA,NA,NA,NA,NA,NA,NA,NA,NA,NA,NA,NA,CoreLearn / InfGain
CoreLearn,InfGain,7,NA,NA,NA,NA,NA,NA,NA,NA,NA,NA,NA,NA,CoreLearn / InfGain
CoreLearn,InfGain,8,NA,NA,NA,NA,NA,NA,NA,NA,NA,NA,NA,NA,CoreLearn / InfGain
CoreLearn,InfGain,9,NA,NA,NA,NA,NA,NA,NA,NA,NA,NA,NA,NA,CoreLearn / InfGain
CoreLearn,InfGain,10,NA,NA,NA,NA,NA,NA,NA,NA,NA,NA,NA,NA,CoreLearn / InfGain
CoreLearn,MDL,1,0.2717417951546382,0.5309552845528456,0.38825832082993617,0.5309552845528456,0.25169115554067206,3.01,6.096374247915572,9.21,5.690830685428961,39.2,40.2,10.47,CoreLearn / MDL
CoreLearn,MDL,2,0.26808491442339194,0.5303252032520325,0.39316003745799616,0.5303252032520325,0.24755325878794857,3.04,6.139860865172837,9.47,5.737959600544712,39.65,40.65,10.39,CoreLearn / MDL
CoreLearn,MDL,3,0.25763023438489324,0.5247560975609756,0.3921162837918201,0.5247560975609756,0.24343750094475317,3.03,6.088244598606372,9.37,5.743424875170223,38.86,39.86,10.49,CoreLearn / MDL
CoreLearn,MDL,4,0.2661946111362789,0.5291038696537679,0.39318145867504734,0.5291038696537679,0.24654582270849396,3.05,6.070240423053004,8.99,5.74072157930565,39.46,40.46,10.46,CoreLearn / MDL
CoreLearn,MDL,5,0.26789663924577567,0.5309572301425662,0.39610977620890275,0.5309572301425662,0.24645872373440866,3,6.11640278733968,9.25,5.731778987973678,40.08,41.08,10.36,CoreLearn / MDL
CoreLearn,MDL,6,NA,NA,NA,NA,NA,NA,NA,NA,NA,NA,NA,NA,CoreLearn / MDL
CoreLearn,MDL,7,NA,NA,NA,NA,NA,NA,NA,NA,NA,NA,NA,NA,CoreLearn / MDL
CoreLearn,MDL,8,NA,NA,NA,NA,NA,NA,NA,NA,NA,NA,NA,NA,CoreLearn / MDL
CoreLearn,MDL,9,NA,NA,NA,NA,NA,NA,NA,NA,NA,NA,NA,NA,CoreLearn / MDL
CoreLearn,MDL,10,NA,NA,NA,NA,NA,NA,NA,NA,NA,NA,NA,NA,CoreLearn / MDL
J48,(none),1,0.3914855943353742,0.5901422764227642,0.4875183012735796,0.5901422764227642,0.34823612346557553,3.97,14.233125009672305,26.8,13.949330458465727,683.57,684.57,11,J48 / (none)
J48,(none),2,0.394505001268285,0.5919918699186992,0.48617891390251267,0.5919918699186992,0.3455225327989228,4.05,14.221770920534661,26.81,13.927285519745805,684.73,685.73,11,J48 / (none)
J48,(none),3,0.3842005068253045,0.5855081300813008,0.4764119820867502,0.5855081300813008,0.33881242056806116,4.03,14.217317761209035,26.69,13.917412619155701,680.66,681.66,11,J48 / (none)
J48,(none),4,0.3922049650612652,0.5907331975560082,0.48157067049942925,0.5907331975560082,0.345859942378778,4.05,14.169183622063938,27.08,13.87751077830724,679.02,680.02,11,J48 / (none)
J48,(none),5,0.39245852576864043,0.5909775967413442,0.48480371450590726,0.5909775967413442,0.3465213658107494,4.13,14.226421569322683,27.02,13.928243703199454,682.69,683.69,11,J48 / (none)
J48,(none),6,NA,NA,NA,NA,NA,NA,NA,NA,NA,NA,NA,NA,J48 / (none)
J48,(none),7,NA,NA,NA,NA,NA,NA,NA,NA,NA,NA,NA,NA,J48 / (none)
J48,(none),8,NA,NA,NA,NA,NA,NA,NA,NA,NA,NA,NA,NA,J48 / (none)
J48,(none),9,NA,NA,NA,NA,NA,NA,NA,NA,NA,NA,NA,NA,J48 / (none)
J48,(none),10,NA,NA,NA,NA,NA,NA,NA,NA,NA,NA,NA,NA,J48 / (none)
ctree,(none),1,0.25892781371622986,0.5287398373983739,0.4008934890363378,0.5287398373983739,0.23328848197643523,2.98,6.455492490827434,9.75,6.659668633681344,39.75,40.75,10.02,ctree / (none)
ctree,(none),2,0.25852122766059227,0.5283333333333333,0.39760356797389307,0.5283333333333333,0.23227387173217148,2.98,6.522576318215089,9.88,6.74266000907853,39.86,40.86,10.01,ctree / (none)
ctree,(none),3,0.2513866789290356,0.5237804878048781,0.3980816609678189,0.5237804878048781,0.23149476170709046,2.94,6.452479780530974,9.78,6.648295506128007,39.36,40.36,9.97,ctree / (none)
ctree,(none),4,0.25566974232991035,0.5268839103869654,0.3990070977407755,0.5268839103869654,0.23256452983850245,2.97,6.480338685786461,9.88,6.660469707283867,39.5,40.5,10.22,ctree / (none)
ctree,(none),5,0.25960167730760875,0.5295315682281059,0.39681837040518564,0.5295315682281059,0.23217575461068612,2.97,6.463229950066689,9.73,6.600776038121171,39.45,40.45,9.93,ctree / (none)
ctree,(none),6,NA,NA,NA,NA,NA,NA,NA,NA,NA,NA,NA,NA,ctree / (none)
ctree,(none),7,NA,NA,NA,NA,NA,NA,NA,NA,NA,NA,NA,NA,ctree / (none)
ctree,(none),8,NA,NA,NA,NA,NA,NA,NA,NA,NA,NA,NA,NA,ctree / (none)
ctree,(none),9,NA,NA,NA,NA,NA,NA,NA,NA,NA,NA,NA,NA,ctree / (none)
ctree,(none),10,NA,NA,NA,NA,NA,NA,NA,NA,NA,NA,NA,NA,ctree / (none)
evtree,(none),1,0.27935928770244217,0.5440447154471545,0.44476391695080464,0.5440447154471545,0.2306047690558166,2.18,6.071825225285322,8.83,6.0195574216976855,27.23,28.23,9.85,evtree / (none)
evtree,(none),2,0.2802733990621884,0.5445121951219513,0.45174475281853377,0.5445121951219513,0.2306913444913042,2.24,6.0611525771954,8.7,5.932349069450749,27.32,28.32,9.91,evtree / (none)
evtree,(none),3,0.26784133925012105,0.5370528455284553,0.4434046392632817,0.5370528455284553,0.22711348055203817,2.18,5.9771573401406535,8.62,5.914182932364957,26.36,27.36,9.82,evtree / (none)
evtree,(none),4,0.2776052598451408,0.5433401221995927,0.4482947320669522,0.5433401221995927,0.22972660558619462,2.15,5.978151892500386,8.64,5.9058066712049015,26.39,27.39,9.94,evtree / (none)
evtree,(none),5,0.2733113734320783,0.5412016293279023,0.4512220656300463,0.5412016293279023,0.2273974505327245,2.12,6.030822208272168,8.61,5.898118901747221,26.1,27.1,9.9,evtree / (none)
evtree,(none),6,NA,NA,NA,NA,NA,NA,NA,NA,NA,NA,NA,NA,evtree / (none)
evtree,(none),7,NA,NA,NA,NA,NA,NA,NA,NA,NA,NA,NA,NA,evtree / (none)
evtree,(none),8,NA,NA,NA,NA,NA,NA,NA,NA,NA,NA,NA,NA,evtree / (none)
evtree,(none),9,NA,NA,NA,NA,NA,NA,NA,NA,NA,NA,NA,NA,evtree / (none)
evtree,(none),10,NA,NA,NA,NA,NA,NA,NA,NA,NA,NA,NA,NA,evtree / (none)
rpart,gini,1,0.24661638752502738,0.5289227642276423,0.487227709872674,0.5289227642276423,0.21106226650062268,1.95,2.718333333333331,3.73,2.4398955969133,4.71,5.71,2.78,rpart / gini
rpart,gini,2,0.24435715754999787,0.5271544715447154,0.48402193043637737,0.5271544715447154,0.21126636719444938,1.97,2.740190476190474,3.77,2.457487517022242,4.79,5.79,2.8,rpart / gini
rpart,gini,3,0.23650379883362016,0.5237195121951219,0.4827821062647489,0.5237195121951219,0.20783619462729053,1.92,2.7164999999999977,3.73,2.427197004085338,4.67,5.67,2.77,rpart / gini
rpart,gini,4,0.24678677609159863,0.5296537678207739,0.4888298456459464,0.5296537678207739,0.21094925280199253,1.94,2.6959999999999975,3.69,2.4251803948264126,4.66,5.66,2.76,rpart / gini
rpart,gini,5,0.2441513004659942,0.5284114052953157,0.48458968942598674,0.5284114052953157,0.209746842198897,1.94,2.754166666666664,3.8,2.453315180394826,4.79,5.79,2.86,rpart / gini
rpart,gini,6,NA,NA,NA,NA,NA,NA,NA,NA,NA,NA,NA,NA,rpart / gini
rpart,gini,7,NA,NA,NA,NA,NA,NA,NA,NA,NA,NA,NA,NA,rpart / gini
rpart,gini,8,NA,NA,NA,NA,NA,NA,NA,NA,NA,NA,NA,NA,rpart / gini
rpart,gini,9,NA,NA,NA,NA,NA,NA,NA,NA,NA,NA,NA,NA,rpart / gini
rpart,gini,10,NA,NA,NA,NA,NA,NA,NA,NA,NA,NA,NA,NA,rpart / gini
rpart,information,1,0.20185933971048728,0.5102642276422764,0.5744090861757472,0.5102642276422764,0.18839485856609145,1,2.1865000000000014,2.91,1.8980753517930096,2.91,3.91,2.31,rpart / information
rpart,information,2,0.2048485010201368,0.5120731707317073,0.5754850104752891,0.5120731707317073,0.18869302615193026,1,2.261000000000001,3.04,1.931915569677712,3.04,4.04,2.35,rpart / information
rpart,information,3,0.2019644865531431,0.5103861788617886,0.572751443334452,0.5103861788617886,0.18821117238925458,1.01,2.3661666666666674,3.22,1.9961665910122561,3.25,4.25,2.5,rpart / information
rpart,information,4,0.2040526030233239,0.5123014256619145,0.5756675663500297,0.5123014256619145,0.18834113147126846,1,2.2881666666666676,3.09,1.9445019287497165,3.09,4.09,2.43,rpart / information
rpart,information,5,0.2049845119542936,0.5128105906313646,0.5767181121139945,0.5128105906313646,0.18881942714819427,1,2.2483333333333344,3.02,1.927667347401861,3.02,4.02,2.35,rpart / information
rpart,information,6,NA,NA,NA,NA,NA,NA,NA,NA,NA,NA,NA,NA,rpart / information
rpart,information,7,NA,NA,NA,NA,NA,NA,NA,NA,NA,NA,NA,NA,rpart / information
rpart,information,8,NA,NA,NA,NA,NA,NA,NA,NA,NA,NA,NA,NA,rpart / information
rpart,information,9,NA,NA,NA,NA,NA,NA,NA,NA,NA,NA,NA,NA,rpart / information
rpart,information,10,NA,NA,NA,NA,NA,NA,NA,NA,NA,NA,NA,NA,rpart / information
tbc,axis,1,0,0.44715447154471544,0.6179775280898876,0.44715447154471544,0.14285714285714285,0,0,0,0,0,1,0,tbc / axis
tbc,axis,2,0,0.44715447154471544,0.6179775280898876,0.44715447154471544,0.14285714285714285,0,0,0,0,0,1,0,tbc / axis
tbc,axis,3,0,0.44715447154471544,0.6179775280898876,0.44715447154471544,0.14285714285714285,0,0,0,0,0,1,0,tbc / axis
tbc,axis,4,0,0.4480651731160896,0.6188466947960619,0.4480651731160896,0.14285714285714285,0,0,0,0,0,1,0,tbc / axis
tbc,axis,5,0,0.4480651731160896,0.6188466947960619,0.4480651731160896,0.14285714285714285,0,0,0,0,0,1,0,tbc / axis
tbc,axis,6,NA,NA,NA,NA,NA,NA,NA,NA,NA,NA,NA,NA,tbc / axis
tbc,axis,7,NA,NA,NA,NA,NA,NA,NA,NA,NA,NA,NA,NA,tbc / axis
tbc,axis,8,NA,NA,NA,NA,NA,NA,NA,NA,NA,NA,NA,NA,tbc / axis
tbc,axis,9,NA,NA,NA,NA,NA,NA,NA,NA,NA,NA,NA,NA,tbc / axis
tbc,axis,10,NA,NA,NA,NA,NA,NA,NA,NA,NA,NA,NA,NA,tbc / axis
tbc,bivar,1,0,0.44715447154471544,0.6179775280898876,0.44715447154471544,0.14285714285714285,0,0,0,0,0,1,0,tbc / bivar
tbc,bivar,2,0,0.44715447154471544,0.6179775280898876,0.44715447154471544,0.14285714285714285,0,0,0,0,0,1,0,tbc / bivar
tbc,bivar,3,7.212962275468252e-4,0.4472560975609756,0.6159515989628349,0.4472560975609756,0.14295872620530153,0.02,0.0333333333333333,0.04,0.0376441216522923,0.08,1.08,0.02,tbc / bivar
tbc,bivar,4,0,0.4480651731160896,0.6188466947960619,0.4480651731160896,0.14285714285714285,0,0,0,0,0,1,0,tbc / bivar
tbc,bivar,5,0,0.4480651731160896,0.6188466947960619,0.4480651731160896,0.14285714285714285,0,0,0,0,0,1,0,tbc / bivar
tbc,bivar,6,NA,NA,NA,NA,NA,NA,NA,NA,NA,NA,NA,NA,tbc / bivar
tbc,bivar,7,NA,NA,NA,NA,NA,NA,NA,NA,NA,NA,NA,NA,tbc / bivar
tbc,bivar,8,NA,NA,NA,NA,NA,NA,NA,NA,NA,NA,NA,NA,tbc / bivar
tbc,bivar,9,NA,NA,NA,NA,NA,NA,NA,NA,NA,NA,NA,NA,tbc / bivar
tbc,bivar,10,NA,NA,NA,NA,NA,NA,NA,NA,NA,NA,NA,NA,tbc / bivar
tree,deviance,1,0.19598046535960034,0.5036585365853659,0.5685723884813825,0.5036585365853659,0.19009962640099626,1.99,2.0353333333333334,2.09,2.0326645483431682,3.09,4.09,2.97,tree / deviance
tree,deviance,2,0.20302732735785659,0.5077032520325203,0.5742534151988831,0.5077032520325203,0.19140148550080058,2,2.032,2.08,2.029704947798457,3.08,4.08,2.98,tree / deviance
tree,deviance,3,0.19176869303031444,0.5002235772357724,0.5650234039228021,0.5002235772357724,0.1896889788293898,1.97,2.0180000000000002,2.07,2.014766227871085,3.04,4.04,2.93,tree / deviance
tree,deviance,4,0.19802620936147985,0.505295315682281,0.5683885189585467,0.505295315682281,0.1907049457391923,1.96,2.038666666666667,2.13,2.0339255729521217,3.09,4.09,2.94,tree / deviance
tree,deviance,5,0.19799737859271113,0.5055600814663951,0.5713952470191229,0.5055600814663951,0.19027842020992705,2,2.048,2.12,2.0454799183117767,3.12,4.12,2.98,tree / deviance
tree,deviance,6,NA,NA,NA,NA,NA,NA,NA,NA,NA,NA,NA,NA,tree / deviance
tree,deviance,7,NA,NA,NA,NA,NA,NA,NA,NA,NA,NA,NA,NA,tree / deviance
tree,deviance,8,NA,NA,NA,NA,NA,NA,NA,NA,NA,NA,NA,NA,tree / deviance
tree,deviance,9,NA,NA,NA,NA,NA,NA,NA,NA,NA,NA,NA,NA,tree / deviance
tree,deviance,10,NA,NA,NA,NA,NA,NA,NA,NA,NA,NA,NA,NA,tree / deviance
